Workbook

Sheet ColourSwatches
B2: # | C2: Name | D2: ANSI | G2: # | H2: Name | I2: Belize | M2: # | N2: name | O2: philConsole | T2: =" "&CHAR(34)&N2&CHAR(34)&" : "&CHAR(34)&O2&CHAR(34)&"," -> "name" : "philConsole",
D3: RGB | E3: # | I3: RGB | J3: # | K3: # | O3: RGB | P3: # | Q3: #
B4: {=_xlfn.SEQUENCE(16,1,0,1)} -> 0 | C4: Black | D4: 000000 | E4: =_xlfn.IMAGE("https://www.colorhexa.com/"&D4&".png") -> #VALUE! | G4: {=_xlfn.SEQUENCE(16,1,0,1)} -> 0 | H4: True Black | I4: 000000 | J4: =_xlfn.IMAGE("https://www.colorhexa.com/"&I4&".png") -> #VALUE! | K4: =J12 -> #VALUE! | M4: {=_xlfn.SEQUENCE(16,1,0,1)} -> 0 | N4: black | O4: 333333 | P4: =_xlfn.IMAGE("https://www.colorhexa.com/"&O4&".png") -> #VALUE! | Q4: =P12 -> #VALUE! | T4: =" "&CHAR(34)&N4&CHAR(34)&" : "&CHAR(34)&"#"&O4&CHAR(34)&"," -> "black" : "#333333",
B5: 1 | C5: Red | D5: aa0000 | E5: =_xlfn.IMAGE("https://www.colorhexa.com/"&D5&".png") -> #VALUE! | G5: 1 | H5: Semantic Negative | I5: bb0000 | J5: =_xlfn.IMAGE("https://www.colorhexa.com/"&I5&".png") -> #VALUE! | K5: =J13 -> #VALUE! | M5: 1 | N5: red | O5: cc0000 | P5: =_xlfn.IMAGE("https://www.colorhexa.com/"&O5&".png") -> #VALUE! | Q5: =P13 -> #VALUE! | T5: =" "&CHAR(34)&N5&CHAR(34)&" : "&CHAR(34)&"#"&O5&CHAR(34)&"," -> "red" : "#cc0000",
B6: 2 | C6: Green | D6: 00aa00 | E6: =_xlfn.IMAGE("https://www.colorhexa.com/"&D6&".png") -> #VALUE! | G6: 2 | H6: Semantic Positive | I6: 2b7d2b | J6: =_xlfn.IMAGE("https://www.colorhexa.com/"&I6&".png") -> #VALUE! | K6: =J14 -> #VALUE! | M6: 2 | N6: green | O6: 009900 | P6: =_xlfn.IMAGE("https://www.colorhexa.com/"&O6&".png") -> #VALUE! | Q6: =P14 -> #VALUE! | T6: =" "&CHAR(34)&N6&CHAR(34)&" : "&CHAR(34)&"#"&O6&CHAR(34)&"," -> "green" : "#009900",
B7: 3 | C7: Brown / Yellow | D7: aa5500 | E7: =_xlfn.IMAGE("https://www.colorhexa.com/"&D7&".png") -> #VALUE! | G7: 3 | H7: Semantic Critical | I7: e78c07 | J7: =_xlfn.IMAGE("https://www.colorhexa.com/"&I7&".png") -> #VALUE! | K7: =J15 -> #VALUE! | M7: 3 | N7: yellow | O7: ff9900 | P7: =_xlfn.IMAGE("https://www.colorhexa.com/"&O7&".png") -> #VALUE! | Q7: =P15 -> #VALUE! | T7: =" "&CHAR(34)&N7&CHAR(34)&" : "&CHAR(34)&"#"&O7&CHAR(34)&"," -> "yellow" : "#ff9900",
B8: 4 | C8: Blue | D8: 0000aa | E8: =_xlfn.IMAGE("https://www.colorhexa.com/"&D8&".png") -> #VALUE! | G8: 4 | H8: Primary 2 Brand Highlight / Semantic Information | I8: 427cac | J8: =_xlfn.IMAGE("https://www.colorhexa.com/"&I8&".png") -> #VALUE! | K8: =J16 -> #VALUE! | M8: 4 | N8: blue | O8: 0066cc | P8: =_xlfn.IMAGE("https://www.colorhexa.com/"&O8&".png") -> #VALUE! | Q8: =P16 -> #VALUE! | T8: =" "&CHAR(34)&N8&CHAR(34)&" : "&CHAR(34)&"#"&O8&CHAR(34)&"," -> "blue" : "#0066cc",
B9: 5 | C9: Magenta | D9: aa00aa | E9: =_xlfn.IMAGE("https://www.colorhexa.com/"&D9&".png") -> #VALUE! | G9: 5 | H9: UI Indication8 | I9: ab218e | J9: =_xlfn.IMAGE("https://www.colorhexa.com/"&I9&".png") -> #VALUE! | K9: =J17 -> #VALUE! | M9: 5 | N9: purple | O9: ff33bb | P9: =_xlfn.IMAGE("https://www.colorhexa.com/"&O9&".png") -> #VALUE! | Q9: =P17 -> #VALUE! | T9: =" "&CHAR(34)&N9&CHAR(34)&" : "&CHAR(34)&"#"&O9&CHAR(34)&"," -> "purple" : "#ff33bb",
B10: 6 | C10: Cyan | D10: 00aaaa | E10: =_xlfn.IMAGE("https://www.colorhexa.com/"&D10&".png") -> #VALUE! | G10: 6 | H10: UI Indication 6 | I10: 1a9898 | J10: =_xlfn.IMAGE("https://www.colorhexa.com/"&I10&".png") -> #VALUE! | K10: =J18 -> #VALUE! | M10: 6 | N10: cyan | O10: 00cccc | P10: =_xlfn.IMAGE("https://www.colorhexa.com/"&O10&".png") -> #VALUE! | Q10: =P18 -> #VALUE! | T10: =" "&CHAR(34)&N10&CHAR(34)&" : "&CHAR(34)&"#"&O10&CHAR(34)&"," -> "cyan" : "#00cccc",
B11: 7 | C11: Light Grey | D11: aaaaaa | E11: =_xlfn.IMAGE("https://www.colorhexa.com/"&D11&".png") -> #VALUE! | G11: 7 | H11: Primary 6 Borders & Derived Controls | I11: bfbfbf | J11: =_xlfn.IMAGE("https://www.colorhexa.com/"&I11&".png") -> #VALUE! | K11: =J19 -> #VALUE! | M11: 7 | N11: white | O11: aaaaaa | P11: =_xlfn.IMAGE("https://www.colorhexa.com/"&O11&".png") -> #VALUE! | Q11: =P19 -> #VALUE! | T11: =" "&CHAR(34)&N11&CHAR(34)&" : "&CHAR(34)&"#"&O11&CHAR(34)&"," -> "white" : "#aaaaaa",
B12: 8 | C12: Dark Grey | D12: 555555 | E12: =_xlfn.IMAGE("https://www.colorhexa.com/"&D12&".png") -> #VALUE! | G12: 8 | H12: Primary 1 Global Contrast Base | I12: 3f5161 | J12: =_xlfn.IMAGE("https://www.colorhexa.com/"&I12&".png") -> #VALUE! | K12: =J4 -> #VALUE! | M12: 8 | N12: ="bright"&UPPER(LEFT(N4,1))&RIGHT(N4,LEN(N4)-1) -> brightBlack | O12: 555555 | P12: =_xlfn.IMAGE("https://www.colorhexa.com/"&O12&".png") -> #VALUE! | Q12: =P4 -> #VALUE! | T12: =" "&CHAR(34)&N12&CHAR(34)&" : "&CHAR(34)&"#"&O12&CHAR(34)&"," -> "brightBlack" : "#555555",
B13: 9 | C13: Light Red | D13: ff5555 | E13: =_xlfn.IMAGE("https://www.colorhexa.com/"&D13&".png") -> #VALUE! | G13: 9 | H13: Semantic Negative | I13: ff8888 | J13: =_xlfn.IMAGE("https://www.colorhexa.com/"&I13&".png") -> #VALUE! | K13: =J5 -> #VALUE! | M13: 9 | N13: ="bright"&UPPER(LEFT(N5,1))&RIGHT(N5,LEN(N5)-1) -> brightRed | O13: ff6666 | P13: =_xlfn.IMAGE("https://www.colorhexa.com/"&O13&".png") -> #VALUE! | Q13: =P5 -> #VALUE! | T13: =" "&CHAR(34)&N13&CHAR(34)&" : "&CHAR(34)&"#"&O13&CHAR(34)&"," -> "brightRed" : "#ff6666",
B14: 10 | C14: Light Green | D14: 55ff55 | E14: =_xlfn.IMAGE("https://www.colorhexa.com/"&D14&".png") -> #VALUE! | G14: 10 | H14: Semantic Positive | I14: abe2ab | J14: =_xlfn.IMAGE("https://www.colorhexa.com/"&I14&".png") -> #VALUE! | K14: =J6 -> #VALUE! | M14: 10 | N14: ="bright"&UPPER(LEFT(N6,1))&RIGHT(N6,LEN(N6)-1) -> brightGreen | O14: 66ff66 | P14: =_xlfn.IMAGE("https://www.colorhexa.com/"&O14&".png") -> #VALUE! | Q14: =P6 -> #VALUE! | T14: =" "&CHAR(34)&N14&CHAR(34)&" : "&CHAR(34)&"#"&O14&CHAR(34)&"," -> "brightGreen" : "#66ff66",
B15: 11 | C15: Yellow | D15: ffff55 | E15: =_xlfn.IMAGE("https://www.colorhexa.com/"&D15&".png") -> #VALUE! | G15: 11 | H15: Semantic Critical | I15: fabd64 | J15: =_xlfn.IMAGE("https://www.colorhexa.com/"&I15&".png") -> #VALUE! | K15: =J7 -> #VALUE! | M15: 11 | N15: ="bright"&UPPER(LEFT(N7,1))&RIGHT(N7,LEN(N7)-1) -> brightYellow | O15: ffcc66 | P15: =_xlfn.IMAGE("https://www.colorhexa.com/"&O15&".png") -> #VALUE! | Q15: =P7 -> #VALUE! | T15: =" "&CHAR(34)&N15&CHAR(34)&" : "&CHAR(34)&"#"&O15&CHAR(34)&"," -> "brightYellow" : "#ffcc66",
B16: 12 | C16: Light Blue | D16: 5555ff | E16: =_xlfn.IMAGE("https://www.colorhexa.com/"&D16&".png") -> #VALUE! | G16: 12 | H16: Primary 2 Contrast Highlight / Semantic Information | I16: 91c8f6 | J16: =_xlfn.IMAGE("https://www.colorhexa.com/"&I16&".png") -> #VALUE! | K16: =J8 -> #VALUE! | M16: 12 | N16: ="bright"&UPPER(LEFT(N8,1))&RIGHT(N8,LEN(N8)-1) -> brightBlue | O16: 66bbff | P16: =_xlfn.IMAGE("https://www.colorhexa.com/"&O16&".png") -> #VALUE! | Q16: =P8 -> #VALUE! | T16: =" "&CHAR(34)&N16&CHAR(34)&" : "&CHAR(34)&"#"&O16&CHAR(34)&"," -> "brightBlue" : "#66bbff",
B17: 13 | C17: Light Magenta | D17: ff55ff | E17: =_xlfn.IMAGE("https://www.colorhexa.com/"&D17&".png") -> #VALUE! | G17: 13 | H17: UI Indication8 | I17: e269c9 | J17: =_xlfn.IMAGE("https://www.colorhexa.com/"&I17&".png") -> #VALUE! | K17: =J9 -> #VALUE! | M17: 13 | N17: ="bright"&UPPER(LEFT(N9,1))&RIGHT(N9,LEN(N9)-1) -> brightPurple | O17: ff99dd | P17: =_xlfn.IMAGE("https://www.colorhexa.com/"&O17&".png") -> #VALUE! | Q17: =P9 -> #VALUE! | T17: =" "&CHAR(34)&N17&CHAR(34)&" : "&CHAR(34)&"#"&O17&CHAR(34)&"," -> "brightPurple" : "#ff99dd",
B18: 14 | C18: Light Cyan | D18: 55ffff | E18: =_xlfn.IMAGE("https://www.colorhexa.com/"&D18&".png") -> #VALUE! | G18: 14 | H18: UI Indication 6 | I18: 7fc6c6 | J18: =_xlfn.IMAGE("https://www.colorhexa.com/"&I18&".png") -> #VALUE! | K18: =J10 -> #VALUE! | M18: 14 | N18: ="bright"&UPPER(LEFT(N10,1))&RIGHT(N10,LEN(N10)-1) -> brightCyan | O18: 66ffff | P18: =_xlfn.IMAGE("https://www.colorhexa.com/"&O18&".png") -> #VALUE! | Q18: =P10 -> #VALUE! | T18: =" "&CHAR(34)&N18&CHAR(34)&" : "&CHAR(34)&"#"&O18&CHAR(34)&"," -> "brightCyan" : "#66ffff",
B19: 15 | C19: White | D19: ffffff | E19: =_xlfn.IMAGE("https://www.colorhexa.com/"&D19&".png") -> #VALUE! | G19: 15 | H19: Primary 3 Global Light Base | I19: eff4f9 | J19: =_xlfn.IMAGE("https://www.colorhexa.com/"&I19&".png") -> #VALUE! | K19: =J11 -> #VALUE! | M19: 15 | N19: ="bright"&UPPER(LEFT(N11,1))&RIGHT(N11,LEN(N11)-1) -> brightWhite | O19: ffffff | P19: =_xlfn.IMAGE("https://www.colorhexa.com/"&O19&".png") -> #VALUE! | Q19: =P11 -> #VALUE! | T19: =" "&CHAR(34)&N19&CHAR(34)&" : "&CHAR(34)&"#"&O19&CHAR(34)&"," -> "brightWhite" : "#ffffff",
N20: background | O20: 000000 | P20: =_xlfn.IMAGE("https://www.colorhexa.com/"&O20&".png") -> #VALUE! | Q20: =P21 -> #VALUE! | T20: =" "&CHAR(34)&N20&CHAR(34)&" : "&CHAR(34)&"#"&O20&CHAR(34)&"," -> "background" : "#000000",
H21: red | I21: 0 | N21: foreground | O21: dddddd | P21: =_xlfn.IMAGE("https://www.colorhexa.com/"&O21&".png") -> #VALUE! | Q21: =P20 -> #VALUE! | T21: =" "&CHAR(34)&N21&CHAR(34)&" : "&CHAR(34)&"#"&O21&CHAR(34)&"," -> "foreground" : "#dddddd",
H22: yellow | I22: 36 | J22: =I22-I21 -> 36 | N22: cursorColor | O22: 8800cc | P22: =_xlfn.IMAGE("https://www.colorhexa.com/"&O22&".png") -> #VALUE! | Q22: =P23 -> #VALUE! | T22: =" "&CHAR(34)&N22&CHAR(34)&" : "&CHAR(34)&"#"&O22&CHAR(34)&"," -> "cursorColor" : "#8800cc",
H23: green | I23: 120 | J23: =I23-I22 -> 84 | N23: selectionBackground | O23: bb99cc | P23: =_xlfn.IMAGE("https://www.colorhexa.com/"&O23&".png") -> #VALUE! | Q23: =P22 -> #VALUE! | T23: =" "&CHAR(34)&N23&CHAR(34)&" : "&CHAR(34)&"#"&O23&CHAR(34)&"," -> "selectionBackground" : "#bb99cc",
H24: cyan | I24: 180 | J24: =I24-I23 -> 60
H25: blue | I25: 210 | J25: =I25-I24 -> 30 | M25: X | N25: testHighlight | P25: {=TRANSPOSE(P4:Q11)} -> #VALUE! | Q25: #VALUE! | R25: #VALUE! | S25: #VALUE! | T25: #VALUE! | U25: #VALUE! | V25: #VALUE! | W25: #VALUE! | X25: {=TRANSPOSE(P20:Q20)} -> #VALUE! | Y25: {=TRANSPOSE(P22:Q22)} -> #VALUE!
H26: violet | I26: 280 | J26: =I26-I25 -> 70 | N26: testHighlight | P26: #VALUE! | Q26: #VALUE! | R26: #VALUE! | S26: #VALUE! | T26: #VALUE! | U26: #VALUE! | V26: #VALUE! | W26: #VALUE! | X26: #VALUE! | Y26: #VALUE!
H27: magenta | I27: 320 | J27: =I27-I26 -> 40
H28: red | I28: 360 | J28: =I28-I27 -> 40

Sheet ThemeJSON
D2: {
D3: =ColourSwatches!T2 -> "name" : "philConsole",
D4: =ColourSwatches!T20 -> "background" : "#000000",
D5: =ColourSwatches!T21 -> "foreground" : "#dddddd",
D6: =ColourSwatches!T22 -> "cursorColor" : "#8800cc",
D7: =ColourSwatches!T23 -> "selectionBackground" : "#bb99cc",
D8: =ColourSwatches!T4 -> "black" : "#333333",
D9: =ColourSwatches!T5 -> "red" : "#cc0000",
D10: =ColourSwatches!T6 -> "green" : "#009900",
D11: =ColourSwatches!T7 -> "yellow" : "#ff9900",
D12: =ColourSwatches!T8 -> "blue" : "#0066cc",
D13: =ColourSwatches!T9 -> "purple" : "#ff33bb",
D14: =ColourSwatches!T10 -> "cyan" : "#00cccc",
D15: =ColourSwatches!T11 -> "white" : "#aaaaaa",
D16: =ColourSwatches!T12 -> "brightBlack" : "#555555",
D17: =ColourSwatches!T13 -> "brightRed" : "#ff6666",
D18: =ColourSwatches!T14 -> "brightGreen" : "#66ff66",
D19: =ColourSwatches!T15 -> "brightYellow" : "#ffcc66",
... D23: =ColourSwatches!T19 -> "brightWhite" : "#ffffff",
D24: }
